{"val_f1_score":0.9902419484334026,"_runtime":20.378209604,"val_loss":0.02463235978211742,"train_time":9.762465476989746,"train_f1_score":0.9947477326416323,"test_loss":0.028955241141375154,"round":1,"_step":2,"_timestamp":1.7443005656075716e+09,"gl_model_v":2,"train_loss":0.016472107322733017,"val_accuracy":0.99025,"_wandb":{"runtime":20},"f1_score":0.9907517015247769,"test_accuracy":0.99075,"operation_time":19.415854930877686,"train_accuracy":0.99475}