{"val_accuracy":0.9865833333333334,"val_loss":0.04402215491009361,"f1_score":0.9845053280796333,"train_accuracy":0.9911388888888889,"_timestamp":1.7440862973278897e+09,"train_loss":0.029964470742138247,"val_f1_score":0.9865783421835627,"_runtime":76.897172664,"train_f1_score":0.9911414815141109,"_step":2,"round":2,"test_accuracy":0.9845,"train_time":26.360313653945923,"test_loss":0.05111471745879092,"_wandb":{"runtime":76}}